name,category_id,photo,description
Абрикос (свежий),1,products/абрикос_(свежий),
Абрикосы (консервированные),1,products/абрикосы_(консервированные),
Айва (свежая),1,products/айва_(свежая),
Апельсины (свежие),1,products/апельсины_(свежие),
Арбуз (свежий),1,products/арбуз_(свежий),
Бананы (свежие),1,products/бананы_(свежие),
Гранат (свежий),1,products/гранат_(свежий),
Грейпфрут (свежий),1,products/грейпфрут_(свежий),
Груша (консервированная),1,products/груша_(консервированная),
Груша (свежая),1,products/груша_(свежая),
Груша Конференция (свежая),1,products/груша_конференция_(свежая),
Дыня (свежая),1,products/дыня_(свежая),
Дыня Канталупа (свежая),1,products/дыня_канталупа_(свежая),
Инжир (свежий),1,products/инжир_(свежий),
Киви (свежий),1,products/киви_(свежий),
Лайм (свежий),1,products/лайм_(свежий),
"Лимон (свежий, без кожуры)",1,"products/лимон_(свежий,_без_кожуры)",
Мандарины (свежие),1,products/мандарины_(свежие),
Маслины (консервированные),1,products/маслины_(консервированные),
Нектарины (свежие),1,products/нектарины_(свежие),
Оливки зелёные (консервированные),1,products/оливки_зелёные_(консервированные),
"Персик (свежие, без косточек)",1,"products/персик_(свежие,_без_косточек)",
Персики консервированные,1,products/персики_консервированные,
Слива (свежая),1,products/слива_(свежая),
Хурма (свежая),1,products/хурма_(свежая),
Цедра апельсина (кожура) (свежая),1,products/цедра_апельсина_(кожура)_(свежая),
Цедра лимона (кожура) (свежая),1,products/цедра_лимона_(кожура)_(свежая),
Яблоки (свежие),1,products/яблоки_(свежие),
Яблоки (запечённые),1,products/яблоки_(запечённые),
Яблоки Голден (свежие),1,products/яблоки_голден_(свежие),
Яблоки зелёные (Гренни Смит) (свежие),1,products/яблоки_зелёные_(гренни_смит)_(свежие),
Яблоки красные (свежие),1,products/яблоки_красные_(свежие),
Яблочное варенье (консервированное),1,products/яблочное_варенье_(консервированное),
Бузина (свежая),2,products/бузина_(свежая),
Виноград (красный или зелёный) (свежий),2,products/виноград_(красный_или_зелёный)_(свежий),
Виноград (мускатные сорта) (свежий),2,products/виноград_(мускатные_сорта)_(свежий),
Вишня (замороженная),2,products/вишня_(замороженная),
Вишня (свежая),2,products/вишня_(свежая),
Голубика (замороженная),2,products/голубика_(замороженная),
Голубика (свежая),2,products/голубика_(свежая),
Ежевика (замороженная),2,products/ежевика_(замороженная),
Ежевика (свежая),2,products/ежевика_(свежая),
Клубника (замороженная),2,products/клубника_(замороженная),
Клубника (свежая),2,products/клубника_(свежая),
Клюква (свежая),2,products/клюква_(свежая),
Коктейльная вишня (консервированная),2,products/коктейльная_вишня_(консервированная),
Крыжовник (свежий),2,products/крыжовник_(свежий),
Малина (свежая),2,products/малина_(свежая),
Смородина красная или белая (свежая),2,products/смородина_красная_или_белая_(свежая),
Смородина чёрная (свежая),2,products/смородина_чёрная_(свежая),
Ягоды годжи (сушёные),2,products/ягоды_годжи_(сушёные),
Авокадо (свежее),3,products/авокадо_(свежее),
Ананас (свежий),3,products/ананас_(свежий),
Ананасы (консервированные),3,products/ананасы_(консервированные),
Антильский абрикос (свежий),3,products/антильский_абрикос_(свежий),
Барбадосская вишня (свежая),3,products/барбадосская_вишня_(свежая),
Белый или жёлтый грейпфрут (свежий),3,products/белый_или_жёлтый_грейпфрут_(свежий),
Гуава (свежая),3,products/гуава_(свежая),
Джамболан (свежий),3,products/джамболан_(свежий),
Джекфрут (свежий),3,products/джекфрут_(свежий),
Дуриан (свежий),3,products/дуриан_(свежий),
Кивано (свежая),3,products/кивано_(свежая),
Клементин (свежий),3,products/клементин_(свежий),
Кумкват (свежий),3,products/кумкват_(свежий),
Личи (свежие),3,products/личи_(свежие),
Логанова ягода (замороженная),3,products/логанова_ягода_(замороженная),
Лонган (свежий),3,products/лонган_(свежий),
Манго (сушёное),3,products/манго_(сушёное),
Манго (свежее),3,products/манго_(свежее),
Мангостин (консервированный),3,products/мангостин_(консервированный),
Маракуйя (свежая),3,products/маракуйя_(свежая),
Мушмула (свежая),3,products/мушмула_(свежая),
Наранхилья (замороженная),3,products/наранхилья_(замороженная),
Опунция (плоды) (свежая),3,products/опунция_(плоды)_(свежая),
Папайя (свежая),3,products/папайя_(свежая),
Плантаны (приготовленные),3,products/плантаны_(приготовленные),
Плантаны (в свежем виде),3,products/плантаны_(в_свежем_виде),
Плоды кариссы (свежие),3,products/плоды_кариссы_(свежие),
Плоды хлебного дерева (свежие),3,products/плоды_хлебного_дерева_(свежие),
Помело (свежее),3,products/помело_(свежее),
Рамбутан (консервированный),3,products/рамбутан_(консервированный),
Саподилла (плоды свежие),3,products/саподилла_(плоды_свежие),
Сахарное яблоко (свежее),3,products/сахарное_яблоко_(свежее),
Сметанное яблоко (свежее),3,products/сметанное_яблоко_(свежее),
Старфрут (карамбола) (свежий),3,products/старфрут_(карамбола)_(свежий),
Суринамская вишня (свежая),3,products/суринамская_вишня_(свежая),
Тамаринд (свежий),3,products/тамаринд_(свежий),
Фейхоа (свежая),3,products/фейхоа_(свежая),
Хурма черная (сапота) (свежая),3,products/хурма_черная_(сапота)_(свежая),
Черимойя (свежий),3,products/черимойя_(свежий),
Шелковица (свежая),3,products/шелковица_(свежая),
Ююба (китайский финик) (свежий),3,products/ююба_(китайский_финик)_(свежий),
Яванское яблоко (свежее),3,products/яванское_яблоко_(свежее),
Кокосовая вода (свежая),4,products/кокосовая_вода_(свежая),
Кокосовая стружка (неподслащённая),4,products/кокосовая_стружка_(неподслащённая),
Кокосовое молоко (свежее),4,products/кокосовое_молоко_(свежее),
Кокосовое молоко консервированное,4,products/кокосовое_молоко_консервированное,
Мякоть кокоса (свежая),4,products/мякоть_кокоса_(свежая),
Абрикосы сушёные (низкое содержание воды),5,products/абрикосы_сушёные_(низкое_содержание_воды),
Бананы (сушёные),5,products/бананы_(сушёные),
"Груша (сушёная, вяленая)",5,"products/груша_(сушёная,_вяленая)",
Изюм (без косточек),5,products/изюм_(без_косточек),
Инжир (сушёный),5,products/инжир_(сушёный),
Клюква (сушёная),5,products/клюква_(сушёная),
Курага,5,products/курага,
Персик вяленый,5,products/персик_вяленый,
Персик сушёный,5,products/персик_сушёный,
Слива сушёная (низкое содержание воды),5,products/слива_сушёная_(низкое_содержание_воды),
Финики Деглет нур,5,products/финики_деглет_нур,
Финики Маджуль,5,products/финики_маджуль,
Чернослив,5,products/чернослив,
Яблоки (сушёные),5,products/яблоки_(сушёные),
Яблоки (вяленые),5,products/яблоки_(вяленые),
Морс клюквенный (без сахара),6,products/морс_клюквенный_(без_сахара),
Сок абрикосовый (нектар) (консервированный),6,products/сок_абрикосовый_(нектар)_(консервированный),
Сок ананасовый (консервированный),6,products/сок_ананасовый_(консервированный),
Сок апельсиновый (консервированный),6,products/сок_апельсиновый_(консервированный),
Сок апельсиновый (свежевыжатый),6,products/сок_апельсиновый_(свежевыжатый),
Сок виноградный (консервированный),6,products/сок_виноградный_(консервированный),
Сок гранатовый (консервированный),6,products/сок_гранатовый_(консервированный),
Сок грейпфрутовый (свежий),6,products/сок_грейпфрутовый_(свежий),
Сок грушевый (нектар) (консервированный),6,products/сок_грушевый_(нектар)_(консервированный),
Сок ежевичный (консервированный),6,products/сок_ежевичный_(консервированный),
Сок лайма (свежий),6,products/сок_лайма_(свежий),
Сок лимонный (свежий),6,products/сок_лимонный_(свежий),
Сок манго (нектар) (консервированный),6,products/сок_манго_(нектар)_(консервированный),
Сок мандариновый (свежий),6,products/сок_мандариновый_(свежий),
Сок морковный (консервированный),6,products/сок_морковный_(консервированный),
Сок папайи (нектар) (консервированный),6,products/сок_папайи_(нектар)_(консервированный),
Сок персиковый (нектар) (консервированный),6,products/сок_персиковый_(нектар)_(консервированный),
Сок сметанного яблока (нектар) (консервированный),6,products/сок_сметанного_яблока_(нектар)_(консервированный),
"Сок томатный (консервированный, без соли)",6,"products/сок_томатный_(консервированный,_без_соли)",
Сок яблочный (консервированный),6,products/сок_яблочный_(консервированный),
Батат (печёный),7,products/батат_(печёный),
Батат (в сыром виде),7,products/батат_(в_сыром_виде),
Картофель (запечённый в кожуре),7,products/картофель_(запечённый_в_кожуре),
Картофель (запечённый),7,products/картофель_(запечённый),
Картофель (варёный в мундире),7,products/картофель_(варёный_в_мундире),
Картофель (варёный),7,products/картофель_(варёный),
Картофель (сырой),7,products/картофель_(сырой),
Картофель (замороженный),7,products/картофель_(замороженный),
Картофель (жареный),7,products/картофель_(жареный),
Картофель красный (в сыром виде),7,products/картофель_красный_(в_сыром_виде),
"Картофельное пюре (с молоком и маслом, приготовленное)",7,"products/картофельное_пюре_(с_молоком_и_маслом,_приготовленное)",
Картофельные хлопья (в сухом виде (пюре быстрого приготовления)),7,products/картофельные_хлопья_(в_сухом_виде_(пюре_быстрого_приготовления)),
Брюква (в сыром виде),8,products/брюква_(в_сыром_виде),
Васаби (корень в сыром виде),8,products/васаби_(корень_в_сыром_виде),
Дайкон (свежий),8,products/дайкон_(свежий),
Имбирь (маринованный),8,products/имбирь_(маринованный),
Козлобородник (корень козлобородника) (в сыром виде),8,products/козлобородник_(корень_козлобородника)_(в_сыром_виде),
Корень имбиря (в сыром виде),8,products/корень_имбиря_(в_сыром_виде),
Корень лопуха (отваренный),8,products/корень_лопуха_(отваренный),
Корень лопуха (в сыром виде),8,products/корень_лопуха_(в_сыром_виде),
Корень сельдерея (отваренный),8,products/корень_сельдерея_(отваренный),
Корень сельдерея (в сыром виде),8,products/корень_сельдерея_(в_сыром_виде),
Корень цикория (в сыром виде),8,products/корень_цикория_(в_сыром_виде),
Маниок (в сыром виде),8,products/маниок_(в_сыром_виде),
Морковь (сушёная),8,,
Морковь (консервированная),8,products/морковь_(консервированная),
Морковь (варёная),8,products/морковь_(варёная),
Морковь (замороженная),8,products/морковь_(замороженная),
"Морковь (сырая, свежая)",8,"products/морковь_(сырая,_свежая)",
Пастернак (корень в сыром виде),8,products/пастернак_(корень_в_сыром_виде),
Редиска (свежая),8,products/редиска_(свежая),
Репа (приготовленная),8,products/репа_(приготовленная),
Репа (сырая),8,products/репа_(сырая),
Свекла (консервированная),8,products/свекла_(консервированная),
Свекла (варёная),8,products/свекла_(варёная),
Свекла (сырая),8,products/свекла_(сырая),
Таро (приготовленные клубни),8,products/таро_(приготовленные_клубни),
Таро (клубни в сыром виде),8,products/таро_(клубни_в_сыром_виде),
Топинамбур (в сыром виде),8,products/топинамбур_(в_сыром_виде),
Ямс (приготовленный),8,products/ямс_(приготовленный),
Ямс (сырой),8,products/ямс_(сырой),
Лук репчатый (варёный),9,products/лук_репчатый_(варёный),
Лук репчатый (свежий),9,products/лук_репчатый_(свежий),
Лук репчатый (жареный),9,products/лук_репчатый_(жареный),
Лук репчатый красный (сладкий) (свежий),9,products/лук_репчатый_красный_(сладкий)_(свежий),
Лук-шалот (свежий),9,products/лук-шалот_(свежий),
Чеснок (в сыром виде),9,products/чеснок_(в_сыром_виде),
Баклажан (приготовленный),10,products/баклажан_(приготовленный),
Баклажан (свежий),10,products/баклажан_(свежий),
"Перец болгарский (замороженный, зелёный)",10,"products/перец_болгарский_(замороженный,_зелёный)",
"Перец болгарский (зелёный, свежий)",10,"products/перец_болгарский_(зелёный,_свежий)",
Перец болгарский жёлтый (свежий),10,products/перец_болгарский_жёлтый_(свежий),
Перец болгарский красный (замороженный),10,products/перец_болгарский_красный_(замороженный),
Перец болгарский красный (свежий),10,products/перец_болгарский_красный_(свежий),
Перец чили зелёный острый (свежий),10,products/перец_чили_зелёный_острый_(свежий),
Перец чили красный острый (свежий),10,products/перец_чили_красный_острый_(свежий),
Помидоры (приготовленные),10,products/помидоры_(приготовленные),
Помидоры (свежие),10,products/помидоры_(свежие),
Помидоры жёлтые (свежие),10,products/помидоры_жёлтые_(свежие),
Помидоры зелёные (в сыром виде),10,products/помидоры_зелёные_(в_сыром_виде),
Помидоры оранжевые (свежие),10,products/помидоры_оранжевые_(свежие),
Томатная паста (консервированная),10,products/томатная_паста_(консервированная),
Физалис (свежий),10,products/физалис_(свежий),
Физалис овощной (свежий),10,products/физалис_овощной_(свежий),
Кабачки молодые (в сыром виде),11,products/кабачки_молодые_(в_сыром_виде),
Кабачковая икра (кабачок консервированный),11,products/кабачковая_икра_(кабачок_консервированный),
"Кабачок (жареный или запечённый, без масла)",11,"products/кабачок_(жареный_или_запечённый,_без_масла)",
Кабачок (замороженный),11,products/кабачок_(замороженный),
Кабачок (в сыром виде),11,products/кабачок_(в_сыром_виде),
Огурцы (свежие),11,products/огурцы_(свежие),
Огурцы солёные (маринованные),11,products/огурцы_солёные_(маринованные),
Патиссон (приготовленный),11,products/патиссон_(приготовленный),
Патиссон (в сыром виде),11,products/патиссон_(в_сыром_виде),
Тыква (варёная или запечённая),11,products/тыква_(варёная_или_запечённая),
Тыква (в сыром виде),11,products/тыква_(в_сыром_виде),
Тыква Акорн (в сыром виде),11,products/тыква_акорн_(в_сыром_виде),
Тыква Баттернат (в сыром виде),11,products/тыква_баттернат_(в_сыром_виде),
Тыква Крукнек (кривошейка) (в сыром виде),11,products/тыква_крукнек_(кривошейка)_(в_сыром_виде),
Тыква Спагетти (в сыром виде),11,products/тыква_спагетти_(в_сыром_виде),
Тыква Хаббард (в сыром виде),11,products/тыква_хаббард_(в_сыром_виде),
Арахис (жареный),12,products/арахис_(жареный),
Арахис (сырой),12,products/арахис_(сырой),
Арахисовая паста,12,products/арахисовая_паста,
"Бобы (консервированные, зрелые)",12,"products/бобы_(консервированные,_зрелые)",
"Бобы (варёные, зрелые)",12,"products/бобы_(варёные,_зрелые)",
"Бобы (в сыром виде, зрелые)",12,"products/бобы_(в_сыром_виде,_зрелые)",
Бобы зелёные (варёные),12,products/бобы_зелёные_(варёные),
Бобы зелёные (свежие),12,products/бобы_зелёные_(свежие),
"Вигна (приготовленная, варёная)",12,"products/вигна_(приготовленная,_варёная)",
Вигна (в сыром виде),12,,
Голубиный горох (варёный),12,products/голубиный_горох_(варёный),
Голубиный горох (сухой),12,products/голубиный_горох_(сухой),
"Горох (сухой, зрелый)",12,"products/горох_(сухой,_зрелый)",
"Горох (варёный на воде, зрелый)",12,"products/горох_(варёный_на_воде,_зрелый)",
Зелёный горошек (консервированный),12,products/зелёный_горошек_(консервированный),
Зелёный горошек (отварной),12,products/зелёный_горошек_(отварной),
Зелёный горошек (замороженный),12,products/зелёный_горошек_(замороженный),
Зелёный горошек (свежий),12,products/зелёный_горошек_(свежий),
Люпин (бобы люпина) (приготовленные),12,products/люпин_(бобы_люпина)_(приготовленные),
Люпин (бобы люпина) (сухие),12,products/люпин_(бобы_люпина)_(сухие),
Маш (варёный),12,products/маш_(варёный),
Маш (сухой),12,products/маш_(сухой),
Нут (варёный),12,products/нут_(варёный),
Нут (сухой),12,products/нут_(сухой),
Фасоль Адзуки (варёная),12,products/фасоль_адзуки_(варёная),
Фасоль Адзуки (сухая),12,products/фасоль_адзуки_(сухая),
Фасоль белая (консервированная),12,products/фасоль_белая_(консервированная),
Фасоль белая (варёная),12,products/фасоль_белая_(варёная),
Фасоль белая (сухая),12,products/фасоль_белая_(сухая),
Фасоль красная (Кидни) (консервированная),12,products/фасоль_красная_(кидни)_(консервированная),
Фасоль красная (Кидни) (варёная),12,products/фасоль_красная_(кидни)_(варёная),
Фасоль красная (Кидни) (сухая),12,products/фасоль_красная_(кидни)_(сухая),
Фасоль Лима (варёная),12,products/фасоль_лима_(варёная),
Фасоль Лима (сухая),12,products/фасоль_лима_(сухая),
Фасоль пёстрая (Пинто) (варёная),12,products/фасоль_пёстрая_(пинто)_(варёная),
Фасоль пёстрая (Пинто) (сухая),12,products/фасоль_пёстрая_(пинто)_(сухая),
Фасоль розовая (варёная),12,products/фасоль_розовая_(варёная),
Фасоль розовая (сухая),12,products/фасоль_розовая_(сухая),
"Фасоль стручковая (варёная, спаржевая)",12,"products/фасоль_стручковая_(варёная,_спаржевая)",
"Фасоль стручковая (замороженная, спаржевая)",12,"products/фасоль_стручковая_(замороженная,_спаржевая)",
"Фасоль стручковая (в сыром виде, спаржевая)",12,"products/фасоль_стручковая_(в_сыром_виде,_спаржевая)",
Фасоль чёрная (варёная),12,products/фасоль_чёрная_(варёная),
Фасоль чёрная (сухая),12,products/фасоль_чёрная_(сухая),
Фасоль черноглазая (варёная),12,,
Фасоль черноглазая (сухая),12,products/фасоль_черноглазая_(сухая),
Французская зеленая фасоль (варёная),12,products/французская_зеленая_фасоль_(варёная),
Французская зеленая фасоль (свежая),12,products/французская_зеленая_фасоль_(свежая),
Чечевица (варёная на воде),12,products/чечевица_(варёная_на_воде),
Чечевица (сухая),12,products/чечевица_(сухая),
Чечевица (красная или розовая) (сухая),12,products/чечевица_(красная_или_розовая)_(сухая),
Зелёные соевые бобы (отваренные),13,products/зелёные_соевые_бобы_(отваренные),
Зелёные соевые бобы (свежие),13,products/зелёные_соевые_бобы_(свежие),
Соевое молоко,13,products/соевое_молоко,
"Соевые бобы (варёные, зрелые)",13,"products/соевые_бобы_(варёные,_зрелые)",
"Соевые бобы (зрелые, в сухом виде)",13,"products/соевые_бобы_(зрелые,_в_сухом_виде)",
Соевый жмых,13,products/соевый_жмых,
"Соевый соус (shoyu, из сои и пшеницы)",13,"products/соевый_соус_(shoyu,_из_сои_и_пшеницы)",
Соевый соус (гидролизованный),13,products/соевый_соус_(гидролизованный),
"Соевый соус (тамари, tamari)",13,"products/соевый_соус_(тамари,_tamari)",
Соевый сыр тофу (сухой),13,products/соевый_сыр_тофу_(сухой),
Сыр тофу твердый (полотняный),13,products/сыр_тофу_твердый_(полотняный),
Сыр тофу ферментированный (fuyu),13,products/сыр_тофу_ферментированный_(fuyu),
Темпе,13,products/темпе,
Эдамаме (приготовленные),13,products/эдамаме_(приготовленные),
Эдамаме (замороженные),13,products/эдамаме_(замороженные),
Брокколи (варёная),14,products/брокколи_(варёная),
Брокколи (замороженная),14,products/брокколи_(замороженная),
Брокколи (свежая),14,products/брокколи_(свежая),
Брокколи китайская (приготовленная),14,products/брокколи_китайская_(приготовленная),
Брокколи китайская (свежая),14,products/брокколи_китайская_(свежая),
Брокколи рааб (приготовленная),14,products/брокколи_рааб_(приготовленная),
Брокколи рааб (свежая),14,products/брокколи_рааб_(свежая),
Брюссельская капуста (варёная),14,products/брюссельская_капуста_(варёная),
Брюссельская капуста (замороженная),14,products/брюссельская_капуста_(замороженная),
Брюссельская капуста (свежая),14,products/брюссельская_капуста_(свежая),
Жеруха (в сыром виде),14,products/жеруха_(в_сыром_виде),
"Капуста (варёная, белокачанная)",14,"products/капуста_(варёная,_белокачанная)",
"Капуста (свежая, белокачанная)",14,"products/капуста_(свежая,_белокачанная)",
Капуста квашеная,14,products/капуста_квашеная,
Капуста квашеная (кимчи),14,products/капуста_квашеная_(кимчи),
Капуста красная (свежая),14,products/капуста_красная_(свежая),
Капуста кудрявая (в сыром виде),14,products/капуста_кудрявая_(в_сыром_виде),
"Капуста листовая (приготовленная, отваренная)",14,"products/капуста_листовая_(приготовленная,_отваренная)",
Капуста листовая (свежая),14,products/капуста_листовая_(свежая),
Капуста пекинская (свежая),14,products/капуста_пекинская_(свежая),
Капуста савойская (свежая),14,products/капуста_савойская_(свежая),
Кольраби (свежая),14,products/кольраби_(свежая),
Кольраби (капуста) (варёная),14,products/кольраби_(капуста)_(варёная),
Кресс-салат (свежий),14,products/кресс-салат_(свежий),
Цветная капуста (варёная),14,products/цветная_капуста_(варёная),
Цветная капуста (замороженная),14,products/цветная_капуста_(замороженная),
Цветная капуста (свежая),14,products/цветная_капуста_(свежая),
Радиккьо (свежий),15,products/радиккьо_(свежий),
Салат айсберг (свежий),15,products/салат_айсберг_(свежий),
Салат корн (свежий),15,products/салат_корн_(свежий),
Салат кочанный (свежий),15,products/салат_кочанный_(свежий),
Салат латук (свежий),15,products/салат_латук_(свежий),
Салат латук красный (свежий),15,products/салат_латук_красный_(свежий),
Салат римский (свежий),15,products/салат_римский_(свежий),
Эндивий (свежий),15,products/эндивий_(свежий),
Эскариоль (приготовленный),15,products/эскариоль_(приготовленный),
Артишоки (варёные),16,products/артишоки_(варёные),
Артишоки (замороженные),16,products/артишоки_(замороженные),
Артишоки (свежие),16,products/артишоки_(свежие),
Артишоки испанские (варёные),16,products/артишоки_испанские_(варёные),
Артишоки испанские (свежие),16,products/артишоки_испанские_(свежие),
Бамбуковые побеги (консервированные),16,products/бамбуковые_побеги_(консервированные),
Бамбуковые побеги (варёные),16,products/бамбуковые_побеги_(варёные),
Бамбуковые побеги (в сыром виде),16,products/бамбуковые_побеги_(в_сыром_виде),
Бамия (в сыром виде),16,products/бамия_(в_сыром_виде),
Каперсы (маринованные),16,products/каперсы_(маринованные),
Кукуруза (консервированная),16,products/кукуруза_(консервированная),
Кукуруза (замороженная),16,products/кукуруза_(замороженная),
Кукуруза (в сыром виде),16,products/кукуруза_(в_сыром_виде),
Кукуруза (варёная),16,products/кукуруза_(варёная),
Опунция (листья) (в сыром виде),16,products/опунция_(листья)_(в_сыром_виде),
Папоротник (побеги) (в сыром виде),16,products/папоротник_(побеги)_(в_сыром_виде),
Побеги лаконоса (в сыром виде),16,products/побеги_лаконоса_(в_сыром_виде),
Сельдерей (свежий),16,products/сельдерей_(свежий),
Сердцевина пальмы (консервированная),16,products/сердцевина_пальмы_(консервированная),
Спаржа (консервированная),16,products/спаржа_(консервированная),
Спаржа (варёная),16,products/спаржа_(варёная),
Спаржа (замороженная),16,products/спаржа_(замороженная),
Спаржа (в сыром виде),16,products/спаржа_(в_сыром_виде),
Фенхель (в сыром виде (плод или корень)),16,products/фенхель_(в_сыром_виде_(плод_или_корень)),
Чайот (в сыром виде),16,products/чайот_(в_сыром_виде),
Базилик (свежий),17,products/базилик_(свежий),
Белокопытник (в сыром виде),17,products/белокопытник_(в_сыром_виде),
Белокопытник (отваренный),17,products/белокопытник_(отваренный),
Ботва репы (свежая),17,products/ботва_репы_(свежая),
Ботва свекольная (в свежем виде),17,products/ботва_свекольная_(в_свежем_виде),
Виноградные листья (свежие),17,products/виноградные_листья_(свежие),
"Каркаде (цветок, свежий)",17,"products/каркаде_(цветок,_свежий)",
Кинза (листья кориандра) (свежие),17,products/кинза_(листья_кориандра)_(свежие),
Кипрей (листья кипрея) (свежий),17,products/кипрей_(листья_кипрея)_(свежий),
Лебеда (свежая),17,products/лебеда_(свежая),
Лемонграсс (свежий),17,products/лемонграсс_(свежий),
Листовая горчица (свежая),17,products/листовая_горчица_(свежая),
Листья амаранта (свежие),17,products/листья_амаранта_(свежие),
Листья одуванчика (свежие),17,products/листья_одуванчика_(свежие),
Листья тыквы (свежие),17,products/листья_тыквы_(свежие),
Листья цикория (свежие),17,products/листья_цикория_(свежие),
Лук зелёный (свежий),17,products/лук_зелёный_(свежий),
Лук-батун (свежий),17,products/лук-батун_(свежий),
Лук-порей (приготовленный),17,products/лук-порей_(приготовленный),
Лук-порей (свежий),17,products/лук-порей_(свежий),
Мангольд (свежий),17,products/мангольд_(свежий),
Марь белая (отваренная),17,products/марь_белая_(отваренная),
Мята (свежая),17,products/мята_(свежая),
Мята перечная (свежая),17,products/мята_перечная_(свежая),
Петрушка (свежая),17,products/петрушка_(свежая),
Портулак (свежий),17,products/портулак_(свежий),
Ревень (стебель в сыром виде),17,products/ревень_(стебель_в_сыром_виде),
Розмарин (свежий),17,products/розмарин_(свежий),
Руккола (свежая),17,products/руккола_(свежая),
Тимьян (свежий),17,products/тимьян_(свежий),
Укроп (свежий),17,products/укроп_(свежий),
Шнитт-лук (свежий),17,products/шнитт-лук_(свежий),
Шпинат (консервированный),17,products/шпинат_(консервированный),
Шпинат (варёный),17,products/шпинат_(варёный),
Шпинат (замороженный),17,,
Шпинат (свежий),17,products/шпинат_(свежий),
Шпинат горчичный (свежий),17,products/шпинат_горчичный_(свежий),
Шпинат новозеландский (свежий),17,products/шпинат_новозеландский_(свежий),
Щавель (свежий),17,products/щавель_(свежий),
Зира (семена кумина),18,products/зира_(семена_кумина),
Кардамон,18,products/кардамон,
Кунжут (необжаренный),18,products/кунжут_(необжаренный),
Кунжут (обжаренный),18,products/кунжут_(обжаренный),
Пажитник (семена),18,products/пажитник_(семена),
Семена аниса,18,products/семена_аниса,
Семена горчицы (молотая горчица),18,products/семена_горчицы_(молотая_горчица),
Семена гулявника,18,products/семена_гулявника,
Семена кориандра,18,products/семена_кориандра,
Семена лотоса,18,products/семена_лотоса,
Семена мака,18,products/семена_мака,
Семена сельдерея,18,products/семена_сельдерея,
Семена тыквы (очищенные),18,products/семена_тыквы_(очищенные),
Семена укропа,18,products/семена_укропа,
Семена фенхеля,18,products/семена_фенхеля,
Семена чиа,18,products/семена_чиа,
Семечки подсолнуха (очищенные),18,products/семечки_подсолнуха_(очищенные),
"Семечки подсолнуха (жареные, очищенные)",18,"products/семечки_подсолнуха_(жареные,_очищенные)",
Семя конопляное,18,products/семя_конопляное,
Семя льняное,18,products/семя_льняное,
Тмин (семена),18,products/тмин_(семена),
Базилик (сухой),19,products/базилик_(сухой),
Ваниль (экстракт),19,products/ваниль_(экстракт),
Гвоздика (пряность) (приправа в виде порошка),19,products/гвоздика_(пряность)_(приправа_в_виде_порошка),
Кервель ажурный (сушёный),19,products/кервель_ажурный_(сушёный),
Кориандр (кинза) (лист высушенный),19,products/кориандр_(кинза)_(лист_высушенный),
Корица (порошок),19,products/корица_(порошок),
Куркума (приправа в виде порошка),19,products/куркума_(приправа_в_виде_порошка),
Лавровый лист,19,products/лавровый_лист,
Луковый порошок,19,products/луковый_порошок,
Майоран (специя в виде порошка),19,products/майоран_(специя_в_виде_порошка),
"Мускатный орех (пряность, молотый)",19,"products/мускатный_орех_(пряность,_молотый)",
Мята (сушёная),19,products/мята_(сушёная),
"Орегано (душица, высушенная)",19,"products/орегано_(душица,_высушенная)",
"Паприка (специя, в виде порошка)",19,"products/паприка_(специя,_в_виде_порошка)",
Перец белый (молотый),19,products/перец_белый_(молотый),
Перец душистый (молотый),19,products/перец_душистый_(молотый),
Перец чёрный (молотый),19,products/перец_чёрный_(молотый),
Перец чили молотый (сухой),19,products/перец_чили_молотый_(сухой),
Перец чили острый (высушенный на солнце),19,products/перец_чили_острый_(высушенный_на_солнце),
Петрушка (сушёная),19,products/петрушка_(сушёная),
Розмарин (сушёный),19,products/розмарин_(сушёный),
Соль столовая,19,products/соль_столовая,
Тимьян (сушёный),19,products/тимьян_(сушёный),
Укроп (сушёный),19,products/укроп_(сушёный),
Чабер (молотый),19,products/чабер_(молотый),
Чеснок сушёный,19,products/чеснок_сушёный,
Шалфей (молотый),19,products/шалфей_(молотый),
Шафран (специя),19,products/шафран_(специя),
Экстракт имбиря (порошок),19,products/экстракт_имбиря_(порошок),
Эстрагон (сушёный),19,products/эстрагон_(сушёный),
Горох пророщенный (в свежем виде),20,products/горох_пророщенный_(в_свежем_виде),
Маш пророщенный (в свежем виде),20,products/маш_пророщенный_(в_свежем_виде),
Пшеница пророщенная (в свежем виде),20,products/пшеница_пророщенная_(в_свежем_виде),
Семена люцерны пророщенные (в свежем виде),20,products/семена_люцерны_пророщенные_(в_свежем_виде),
Соевые бобы пророщенные (в свежем виде),20,products/соевые_бобы_пророщенные_(в_свежем_виде),
Фасоль красная (Кидни) пророщенная (в свежем виде),20,products/фасоль_красная_(кидни)_пророщенная_(в_свежем_виде),
Фасоль пёстрая (Пинто) пророщенная (в свежем виде),20,products/фасоль_пёстрая_(пинто)_пророщенная_(в_свежем_виде),
Чечевица пророщенная (в свежем виде),20,products/чечевица_пророщенная_(в_свежем_виде),
Гриб древесный (сырой),21,products/гриб_древесный_(сырой),
Грибы вешенки (сырые),21,products/грибы_вешенки_(сырые),
Грибы лисички (сырые),21,products/грибы_лисички_(сырые),
Грибы майтаке (сырые),21,products/грибы_майтаке_(сырые),
Грибы портобелло (жареные),21,products/грибы_портобелло_(жареные),
Грибы портобелло (сырые),21,products/грибы_портобелло_(сырые),
Грибы сморчки (сырые),21,products/грибы_сморчки_(сырые),
Грибы соломенные (консервированные),21,products/грибы_соломенные_(консервированные),
Грибы шиитаке (приготовленные),21,products/грибы_шиитаке_(приготовленные),
Грибы шиитаке (сушёные),21,products/грибы_шиитаке_(сушёные),
Грибы шиитаке (сырые),21,products/грибы_шиитаке_(сырые),
Грибы эноки (сырые),21,products/грибы_эноки_(сырые),
Шампиньоны (консервированные),21,products/шампиньоны_(консервированные),
Шампиньоны (варёные или тушёные),21,products/шампиньоны_(варёные_или_тушёные),
Шампиньоны (сырые),21,products/шампиньоны_(сырые),
Шампиньоны (жареные),21,products/шампиньоны_(жареные),
Шампиньоны коричневые (сырые),21,products/шампиньоны_коричневые_(сырые),
"Булгур (сухой, крупа)",22,"products/булгур_(сухой,_крупа)",
Гречка (крупа гречневая сухая (коричневая)),22,products/гречка_(крупа_гречневая_сухая_(коричневая)),
Гречка зелёная (сухая),22,products/гречка_зелёная_(сухая),
Зёрна кукурузы (сухие),22,products/зёрна_кукурузы_(сухие),
Киноа (крупа сухая),22,products/киноа_(крупа_сухая),
Крупа амарантовая (сухая (семена)),22,products/крупа_амарантовая_(сухая_(семена)),
Крупа кукурузная (сухая),22,products/крупа_кукурузная_(сухая),
Крупа пшеничная (сухая),22,products/крупа_пшеничная_(сухая),
Крупа теф (в сухом виде),22,products/крупа_теф_(в_сухом_виде),
Крупа ячневая (в сухом виде),22,products/крупа_ячневая_(в_сухом_виде),
Кускус (крупа сухая),22,,
Манка (крупа манная сухая),22,products/манка_(крупа_манная_сухая),
Мюсли (в сухом виде (с сухофруктами и орехами)),22,products/мюсли_(в_сухом_виде_(с_сухофруктами_и_орехами)),
"Мюсли запечённые (гранола) (в сухом виде, хрустящие, с мёдом)",22,"products/мюсли_запечённые_(гранола)_(в_сухом_виде,_хрустящие,_с_мёдом)",
Овсянка (крупа овсяная в сухом виде),22,products/овсянка_(крупа_овсяная_в_сухом_виде),
Овсяные хлопья (сухие (быстрого приготовления)),22,products/овсяные_хлопья_(сухие_(быстрого_приготовления)),
Перловка (крупа перловая сухая),22,products/перловка_(крупа_перловая_сухая),
Полба (крупа в сухом виде),22,products/полба_(крупа_в_сухом_виде),
Пшено (крупа пшённая сухая),22,products/пшено_(крупа_пшённая_сухая),
Ржаное зерно (рожь) (в сухом виде),22,,
Сорго (крупа в сухом виде),22,products/сорго_(крупа_в_сухом_виде),
Тритикале (неприготовленная (зерно)),22,products/тритикале_(неприготовленная_(зерно)),
Амарант (зёрна приготовленные),23,products/амарант_(зёрна_приготовленные),
"Булгур (варёный на воде, каша)",23,"products/булгур_(варёный_на_воде,_каша)",
Воздушная пшеница (готовая к употреблению),23,products/воздушная_пшеница_(готовая_к_употреблению),
Воздушный рис (готовый к употреблению),23,products/воздушный_рис_(готовый_к_употреблению),
"Гречка (варёная на воде, гречневая каша)",23,"products/гречка_(варёная_на_воде,_гречневая_каша)",
"Каша овсяная (овсянка) (на воде, приготовленная)",23,"products/каша_овсяная_(овсянка)_(на_воде,_приготовленная)",
"Каша пшеничная (на воде, варёная)",23,"products/каша_пшеничная_(на_воде,_варёная)",
Киноа (варёное на воде),23,products/киноа_(варёное_на_воде),
"Крупа кукурузная (на воде, каша приготовленная)",23,"products/крупа_кукурузная_(на_воде,_каша_приготовленная)",
Кускус (варёный на воде),23,products/кускус_(варёный_на_воде),
Манная каша (на воде),23,products/манная_каша_(на_воде),
"Перловка (варёная на воде, перловая каша)",23,"products/перловка_(варёная_на_воде,_перловая_каша)",
Полба (варёная на воде),23,products/полба_(варёная_на_воде),
Пшено (варёное на воде),23,products/пшено_(варёное_на_воде),
Теф (приготовленный),23,products/теф_(приготовленный),
"Рис (варёный, на воде)",24,"products/рис_(варёный,_на_воде)",
Рис (в сухом виде),24,products/рис_(в_сухом_виде),
Рис бурый (варёный),24,products/рис_бурый_(варёный),
Рис бурый (в сухом виде),24,products/рис_бурый_(в_сухом_виде),
Рис бурый длиннозерный (варёный),24,products/рис_бурый_длиннозерный_(варёный),
Рис бурый длиннозерный (в сухом виде),24,products/рис_бурый_длиннозерный_(в_сухом_виде),
Рис бурый пропаренный (варёный),24,products/рис_бурый_пропаренный_(варёный),
Рис бурый пропаренный (в сухом виде),24,products/рис_бурый_пропаренный_(в_сухом_виде),
Рис дикий (варёный),24,products/рис_дикий_(варёный),
Рис дикий (в сухом виде),24,products/рис_дикий_(в_сухом_виде),
Рис длиннозёрный (в сухом виде),24,products/рис_длиннозёрный_(в_сухом_виде),
Рис длиннозёрный (варёный),24,products/рис_длиннозёрный_(варёный),
Рис клейкий (липкий) (варёный),24,products/рис_клейкий_(липкий)_(варёный),
Рис клейкий (липкий) (в сухом виде),24,products/рис_клейкий_(липкий)_(в_сухом_виде),
Рис круглозёрный (варёный),24,products/рис_круглозёрный_(варёный),
Рис круглозёрный (в сухом виде),24,products/рис_круглозёрный_(в_сухом_виде),
Рис пропаренный (варёный),24,products/рис_пропаренный_(варёный),
Рис пропаренный (в сухом виде),24,products/рис_пропаренный_(в_сухом_виде),
Глютен (клейковина пшеничная) (в сухом виде),25,products/глютен_(клейковина_пшеничная)_(в_сухом_виде),
Крахмал картофельный,25,products/крахмал_картофельный,
Крахмал кукурузный,25,products/крахмал_кукурузный,
Мука арахисовая,25,products/мука_арахисовая,
Мука арроурут,25,products/мука_арроурут,
Мука гречневая,25,products/мука_гречневая,
Мука из бурого риса,25,products/мука_из_бурого_риса,
Мука из тритикале,25,products/мука_из_тритикале,
Мука кукурузная,25,products/мука_кукурузная,
Мука кукурузная белая (маса),25,products/мука_кукурузная_белая_(маса),
Мука кукурузная белая цельнозерновая,25,products/мука_кукурузная_белая_цельнозерновая,
Мука кукурузная жёлтая цельнозерновая,25,products/мука_кукурузная_жёлтая_цельнозерновая,
Мука кунжутная,25,products/мука_кунжутная,
Мука нутовая,25,products/мука_нутовая,
Мука овсяная,25,products/мука_овсяная,
Мука подсолнечная,25,products/мука_подсолнечная,
Мука пшеничная (универсальная),25,products/мука_пшеничная_(универсальная),
Мука пшеничная второго сорта,25,products/мука_пшеничная_второго_сорта,
Мука пшеничная высшего сорта,25,products/мука_пшеничная_высшего_сорта,
Мука пшеничная обойная,25,products/мука_пшеничная_обойная,
Мука пшеничная первого сорта,25,products/мука_пшеничная_первого_сорта,
Мука пшённая,25,products/мука_пшённая,
Мука ржаная,25,products/мука_ржаная,
Мука рисовая,25,products/мука_рисовая,
Мука соевая,25,products/мука_соевая,
Мука сорго,25,products/мука_сорго,
Мука сорго цельнозерновая,25,products/мука_сорго_цельнозерновая,
Мука цельнозерновая (пшеничная),25,products/мука_цельнозерновая_(пшеничная),
Мука ячменная,25,products/мука_ячменная,
Мука ячменная солодовая,25,products/мука_ячменная_солодовая,
Отруби кукурузные (необработанные термически),25,products/отруби_кукурузные_(необработанные_термически),
Отруби овсяные (необработанные термически),25,products/отруби_овсяные_(необработанные_термически),
Отруби пшеничные (необработанные термически),25,products/отруби_пшеничные_(необработанные_термически),
Отруби рисовые (необработанные термически),25,products/отруби_рисовые_(необработанные_термически),
Тапиока (в сухом виде),25,products/тапиока_(в_сухом_виде),
Бразильский орех,26,products/бразильский_орех,
Буковый орешек,26,products/буковый_орешек,
Грецкий орех,26,products/грецкий_орех,
"Каштан (очищенный, свежий)",26,"products/каштан_(очищенный,_свежий)",
Кедровый орех (без скорлупы),26,products/кедровый_орех_(без_скорлупы),
Кешью (жареный),26,products/кешью_(жареный),
Кешью (сырой),26,products/кешью_(сырой),
Миндаль (свежий),26,products/миндаль_(свежий),
Миндаль (жареный),26,products/миндаль_(жареный),
Орех макадамия (жареный),26,products/орех_макадамия_(жареный),
Орех макадамия,26,products/орех_макадамия,
Орех пили,26,products/орех_пили,
Орех серый,26,products/орех_серый,
Пекан,26,products/пекан,
Фисташки (жареные солёные),26,products/фисташки_(жареные_солёные),
"Фисташки (жареные, без соли)",26,"products/фисташки_(жареные,_без_соли)",
Фисташки (свежие),26,products/фисташки_(свежие),
Фундук (свежий),26,products/фундук_(свежий),
Фундук (жареный),26,products/фундук_(жареный),
Чёрный орех,26,products/чёрный_орех,
Блины,27,products/блины,
Булочки (из сладкого дрожжевого теста),27,products/булочки_(из_сладкого_дрожжевого_теста),
Лаваш,27,products/лаваш,
Лепёшка наан (индийская пшеничная лепёшка),27,products/лепёшка_наан_(индийская_пшеничная_лепёшка),
Лепёшка паратха,27,products/лепёшка_паратха,
Пита,27,products/пита,
Пончики,27,products/пончики,
Сухари из хлеба,27,products/сухари_из_хлеба,
Сухари панировочные,27,products/сухари_панировочные,
Тортилья,27,products/тортилья,
Фокачча,27,products/фокачча,
Хлеб белый пшеничный,27,products/хлеб_белый_пшеничный,
Хлеб из овсяных отрубей,27,products/хлеб_из_овсяных_отрубей,
Хлеб из пророщенной пшеницы,27,products/хлеб_из_пророщенной_пшеницы,
Хлеб из пшеничных отрубей,27,products/хлеб_из_пшеничных_отрубей,
Хлеб из рисовых отрубей,27,products/хлеб_из_рисовых_отрубей,
Хлеб мультизерновой,27,products/хлеб_мультизерновой,
Хлеб овсяный,27,products/хлеб_овсяный,
Хлеб пшеничный цельнозерновой,27,products/хлеб_пшеничный_цельнозерновой,
Хлеб ржаной,27,products/хлеб_ржаной,
Хлебцы мультизерновые,27,products/хлебцы_мультизерновые,
Хлебцы ржаные,27,products/хлебцы_ржаные,
Жевательная резинка,28,products/жевательная_резинка,
Зефир (маршмеллоу) в шоколаде,28,products/зефир_(маршмеллоу)_в_шоколаде,
Зефир (маршмэллоу),28,products/зефир_(маршмэллоу),
Ирис,28,products/ирис,
Карамель,28,products/карамель,
Кекс шоколадный (с шоколадной глазурью),28,products/кекс_шоколадный_(с_шоколадной_глазурью),
Конфеты Skittles,28,products/конфеты_skittles,
Коржи бисквитные для торта,28,products/коржи_бисквитные_для_торта,
Коржи шоколадные для торта,28,products/коржи_шоколадные_для_торта,
Крекер,28,products/крекер,
Крендельки (без соли),28,products/крендельки_(без_соли),
Мармелад,28,products/мармелад,
Мёд,28,products/мёд,
Меласса,28,products/меласса,
Мороженое,28,products/мороженое,
Мороженое шоколадное,28,products/мороженое_шоколадное,
Печенье овсяное,28,products/печенье_овсяное,
Помадка,28,products/помадка,
Халва,28,products/халва,
Чизкейк,28,products/чизкейк,
Щербет,28,products/щербет,
Аспартам (заменитель сахара),29,products/аспартам_(заменитель_сахара),
Сахар (сахарный песок),29,products/сахар_(сахарный_песок),
Сахар коричневый,29,products/сахар_коричневый,
Сахарин (заменитель сахара),29,products/сахарин_(заменитель_сахара),
"Сироп агавы (заменитель сахара, подсластитель)",29,"products/сироп_агавы_(заменитель_сахара,_подсластитель)",
Стевия (сахарозаменитель) (заменитель сахара),29,products/стевия_(сахарозаменитель)_(заменитель_сахара),
Сукралоза (заменитель сахара),29,products/сукралоза_(заменитель_сахара),
Фруктоза (заменитель сахара),29,products/фруктоза_(заменитель_сахара),
Шоколад Dove (молочный),30,products/шоколад_dove_(молочный),
Шоколад Dove (тёмный),30,products/шоколад_dove_(тёмный),
Шоколад белый,30,products/шоколад_белый,
Шоколад молочный,30,products/шоколад_молочный,
Шоколад тёмный (45-59% какао),30,products/шоколад_тёмный_(45-59%_какао),
Шоколад тёмный (60-69% какао),30,products/шоколад_тёмный_(60-69%_какао),
Шоколад тёмный (70-85% какао),30,products/шоколад_тёмный_(70-85%_какао),
Шоколадный батончик KitKat,30,products/шоколадный_батончик_kitkat,
Шоколадный батончик Mars (миндальный),30,products/шоколадный_батончик_mars_(миндальный),
Шоколадный батончик Milky Way,30,products/шоколадный_батончик_milky_way,
Шоколадный батончик Snickers,30,products/шоколадный_батончик_snickers,
Шоколадный батончик Twix,30,products/шоколадный_батончик_twix,
"Лапша (макароны, паста) (варёная)",31,"products/лапша_(макароны,_паста)_(варёная)",
"Лапша (макароны, паста) (в сухом виде)",31,"products/лапша_(макароны,_паста)_(в_сухом_виде)",
Лапша гречневая (соба) (варёная),31,products/лапша_гречневая_(соба)_(варёная),
Лапша гречневая (соба) (в сухом виде),31,products/лапша_гречневая_(соба)_(в_сухом_виде),
Лапша домашняя (варёная),31,products/лапша_домашняя_(варёная),
Лапша из цельнозерновой пшеницы (варёные),31,products/лапша_из_цельнозерновой_пшеницы_(варёные),
Лапша из цельнозерновой пшеницы (в сухом виде),31,products/лапша_из_цельнозерновой_пшеницы_(в_сухом_виде),
Лапша кукурузная (варёная),31,products/лапша_кукурузная_(варёная),
Лапша кукурузная (в сухом виде),31,products/лапша_кукурузная_(в_сухом_виде),
Лапша пшеничная (удон) (варёная),31,products/лапша_пшеничная_(удон)_(варёная),
Лапша пшеничная (удон) (в сухом виде),31,products/лапша_пшеничная_(удон)_(в_сухом_виде),
Лапша рисовая (варёная),31,products/лапша_рисовая_(варёная),
Лапша рисовая (в сухом виде),31,products/лапша_рисовая_(в_сухом_виде),
Лапша яичная (в сухом виде),31,products/лапша_яичная_(в_сухом_виде),
Лапша яичная (варёная),31,products/лапша_яичная_(варёная),
Белок куриного яйца (в виде порошка),32,products/белок_куриного_яйца_(в_виде_порошка),
Желток куриного яйца (в виде порошка),32,products/желток_куриного_яйца_(в_виде_порошка),
Заменители яиц (в виде порошка),32,products/заменители_яиц_(в_виде_порошка),
Омлет яичный,32,products/омлет_яичный,
Яичный белок (в сыром виде),32,products/яичный_белок_(в_сыром_виде),
Яичный желток (в сыром виде),32,products/яичный_желток_(в_сыром_виде),
Яйцо гусиное (сырое),32,products/яйцо_гусиное_(сырое),
Яйцо индейки (сырое),32,products/яйцо_индейки_(сырое),
Яйцо куриное (жареное),32,products/яйцо_куриное_(жареное),
"Яйцо куриное (варёное, вкрутую)",32,"products/яйцо_куриное_(варёное,_вкрутую)",
Яйцо куриное (сырое),32,products/яйцо_куриное_(сырое),
Яйцо перепелиное (сырое),32,products/яйцо_перепелиное_(сырое),
Яйцо утиное (сырое),32,products/яйцо_утиное_(сырое),
Сыр cливочный,33,products/сыр_cливочный,
Сыр Бри,33,products/сыр_бри,
Сыр Брюнуст,33,products/сыр_брюнуст,
Сыр Гауда,33,products/сыр_гауда,
Сыр Грюйер,33,products/сыр_грюйер,
Сыр Камамбер,33,products/сыр_камамбер,
Сыр Кесо Фреско,33,products/сыр_кесо_фреско,
Сыр козий,33,products/сыр_козий,
Сыр Колби,33,products/сыр_колби,
Сыр Лимбургер,33,products/сыр_лимбургер,
Сыр мексиканский Аньехо,33,products/сыр_мексиканский_аньехо,
Сыр мексиканский Кесо Чихуахуа,33,products/сыр_мексиканский_кесо_чихуахуа,
Сыр мексиканский Котиха,33,products/сыр_мексиканский_котиха,
Сыр мексиканский Оахака,33,products/сыр_мексиканский_оахака,
Сыр Монтерей,33,products/сыр_монтерей,
Сыр Моцарелла,33,products/сыр_моцарелла,
Сыр Мюнстер,33,products/сыр_мюнстер,
Сыр Нёшатель,33,products/сыр_нёшатель,
Сыр Пармезан,33,products/сыр_пармезан,
Сыр Пекорино Романо,33,products/сыр_пекорино_романо,
Сыр плавленый,33,products/сыр_плавленый,
Сыр Пор-Салю,33,products/сыр_пор-салю,
Сыр Проволоне,33,products/сыр_проволоне,
Сыр Рикотта,33,products/сыр_рикотта,
Сыр Рокфор,33,products/сыр_рокфор,
Сыр Тильзитер,33,products/сыр_тильзитер,
Сыр фета,33,products/сыр_фета,
Сыр Филадельфия,33,products/сыр_филадельфия,
Сыр Фонтина,33,products/сыр_фонтина,
Сыр Чеддер,33,products/сыр_чеддер,
Сыр Чешир,33,products/сыр_чешир,
Сыр швейцарский,33,products/сыр_швейцарский,
Сыр Эдам,33,products/сыр_эдам,
Сыры с плесенью,33,products/сыры_с_плесенью,
Йогурт,34,products/йогурт,
Кефир,34,products/кефир,
Масло сливочное,34,products/масло_сливочное,
"Молоко (цельное коровье 3,7% жирности)",34,"products/молоко_(цельное_коровье_3,7%_жирности)",
Молоко грудное женское,34,products/молоко_грудное_женское,
Молоко козье,34,products/молоко_козье,
Молоко коровье (2% жирности),34,products/молоко_коровье_(2%_жирности),
Молоко овечье,34,products/молоко_овечье,
Молоко сгущённое,34,products/молоко_сгущённое,
Молоко сухое,34,products/молоко_сухое,
Молочная сыворотка,34,products/молочная_сыворотка,
Ряженка,34,products/ряженка,
Сметана,34,products/сметана,
Сметена обезжиренная,34,products/сметена_обезжиренная,
Творог 2% жирности,34,products/творог_2%_жирности,
Жир бараний (сырой),35,products/жир_бараний_(сырой),
Жир говяжий (сырой),35,products/жир_говяжий_(сырой),
Жир гусиный (сырой),35,products/жир_гусиный_(сырой),
Жир индейки (сырой),35,products/жир_индейки_(сырой),
Жир куриный (сырой),35,products/жир_куриный_(сырой),
Жир лосося (сырой),35,products/жир_лосося_(сырой),
Жир печени трески (сырой),35,products/жир_печени_трески_(сырой),
Жир сардин (сырой),35,products/жир_сардин_(сырой),
Жир свиной (сало свиное) (сырой),35,products/жир_свиной_(сало_свиное)_(сырой),
Жир сельди (сырой),35,products/жир_сельди_(сырой),
Жир утиный (сырой),35,products/жир_утиный_(сырой),
Сало свиное топлёное (смалец),35,products/сало_свиное_топлёное_(смалец),
Маргарин,36,products/маргарин,
Масло абрикосовое,36,products/масло_абрикосовое,
Масло авокадо,36,products/масло_авокадо,
Масло арахисовое,36,products/масло_арахисовое,
Масло бабассу,36,products/масло_бабассу,
Масло виноградных косточек,36,products/масло_виноградных_косточек,
Масло горчичное,36,products/масло_горчичное,
Масло грецкого ореха,36,products/масло_грецкого_ореха,
Масло зародышей пшеницы,36,products/масло_зародышей_пшеницы,
Масло какао,36,products/масло_какао,
Масло канолы,36,products/масло_канолы,
Масло кокосовое,36,products/масло_кокосовое,
Масло кукурузное,36,products/масло_кукурузное,
Масло кунжутное,36,products/масло_кунжутное,
Масло льняное,36,products/масло_льняное,
Масло маковое,36,products/масло_маковое,
Масло миндальное,36,products/масло_миндальное,
Масло овса,36,products/масло_овса,
Масло оливковое,36,products/масло_оливковое,
Масло пальмовое,36,products/масло_пальмовое,
Масло подсолнечное,36,products/масло_подсолнечное,
Масло рисовых отрубей,36,products/масло_рисовых_отрубей,
Масло сафлоровое,36,products/масло_сафлоровое,
Масло соевое,36,products/масло_соевое,
Масло фундука,36,products/масло_фундука,
Масло хлопковое,36,products/масло_хлопковое,
Масло ши (карите),36,products/масло_ши_(карите),
Какао-порошок,37,products/какао-порошок,
Кола,37,products/кола,
Кола (без кофеина),37,products/кола_(без_кофеина),
Кофе зерновой (сваренный),37,products/кофе_зерновой_(сваренный),
Кофе растворимый (приготовленный),37,products/кофе_растворимый_(приготовленный),
Кофе с молоком и сахаром,37,products/кофе_с_молоком_и_сахаром,
Кофе эспрессо (в готовом виде),37,products/кофе_эспрессо_(в_готовом_виде),
Цикорий (растворимый (кофе в готовом виде)),37,products/цикорий_(растворимый_(кофе_в_готовом_виде)),
Чай Nestea (чёрный с лимоном),37,products/чай_nestea_(чёрный_с_лимоном),
"Чай зелёный (без сахара, приготовленный)",37,"products/чай_зелёный_(без_сахара,_приготовленный)",
"Чай зелёный (с сахаром, приготовленный)",37,"products/чай_зелёный_(с_сахаром,_приготовленный)",
"Чай чёрный (без сахара, приготовленный)",37,"products/чай_чёрный_(без_сахара,_приготовленный)",
"Чай чёрный (с сахаром и лимоном, приготовленный)",37,"products/чай_чёрный_(с_сахаром_и_лимоном,_приготовленный)",
Энергетический напиток Monster Energy,37,products/энергетический_напиток_monster_energy,
Энергетический напиток Red Bull,37,products/энергетический_напиток_red_bull,
Вино (столовое),38,products/вино_(столовое),
Вино белое (столовое),38,products/вино_белое_(столовое),
Вино десертное сладкое,38,products/вино_десертное_сладкое,
Вино десертное сухое,38,products/вино_десертное_сухое,
Вино красное (столовое),38,products/вино_красное_(столовое),
Вино розовое,38,products/вино_розовое,
Виски (43 градуса алкоголя),38,products/виски_(43_градуса_алкоголя),
Водка (40 градусов алкоголя),38,products/водка_(40_градусов_алкоголя),
Джин (45 градусов алкоголя),38,products/джин_(45_градусов_алкоголя),
Пиво (тёмное или светлое),38,products/пиво_(тёмное_или_светлое),
Ром (40 градусов алкоголя),38,products/ром_(40_градусов_алкоголя),
Сакэ,38,products/сакэ,
Уксус,39,products/уксус,
Уксус бальзамический,39,products/уксус_бальзамический,
Уксус винный (красный),39,products/уксус_винный_(красный),
Уксус яблочный,39,products/уксус_яблочный,
"Горчица (столовая, пастообразная)",40,"products/горчица_(столовая,_пастообразная)",
Кетчуп,40,products/кетчуп,
Майонез,40,products/майонез,
"Хрен (столовый, готовый к употреблению)",40,"products/хрен_(столовый,_готовый_к_употреблению)",
Гамбургер (Макдоналдс),41,products/гамбургер_(макдоналдс),
Картофель фри,41,products/картофель_фри,
Луковые кольца,41,products/луковые_кольца,
Попкорн без соли,41,products/попкорн_без_соли,
Попкорн карамельный,41,products/попкорн_карамельный,
Попкорн солёный,41,products/попкорн_солёный,
Хот-дог,41,products/хот-дог,
Чизбургер (Макдоналдс),41,products/чизбургер_(макдоналдс),
Чипсы картофельные (без соли),41,products/чипсы_картофельные_(без_соли),
Чипсы кукурузные (начос) (без соли),41,products/чипсы_кукурузные_(начос)_(без_соли),
Протеин сывороточный (порошок),42,products/протеин_сывороточный_(порошок),
Протеиновые добавки на основе молока (порошок),42,products/протеиновые_добавки_на_основе_молока_(порошок),
Соевый протеин (порошок),42,products/соевый_протеин_(порошок),
Соевый протеин (изолят) (порошок),42,products/соевый_протеин_(изолят)_(порошок),
Соевый протеин (концентрат) (порошок),42,products/соевый_протеин_(концентрат)_(порошок),
Анчоусы (сырые),43,products/анчоусы_(сырые),
Горбуша (сырая),43,products/горбуша_(сырая),
Горбыль (сырой),43,products/горбыль_(сырой),
Групер (сырой),43,products/групер_(сырой),
Желтохвост (лакедра) (сырой),43,products/желтохвост_(лакедра)_(сырой),
Зубатка (сырая),43,products/зубатка_(сырая),
Камбала (сырая),43,products/камбала_(сырая),
Карп (сырой),43,products/карп_(сырой),
Кета (сырая),43,products/кета_(сырая),
Кефаль (сырая),43,products/кефаль_(сырая),
Кижуч (сырой),43,products/кижуч_(сырой),
Корюшка (сырая),43,products/корюшка_(сырая),
Луциан (берикс) (сырой),43,products/луциан_(берикс)_(сырой),
Масляная рыба (эсколар) (сырая),43,products/масляная_рыба_(эсколар)_(сырая),
Махи-махи (корифена) (сырая),43,products/махи-махи_(корифена)_(сырая),
Менёк (сырой),43,products/менёк_(сырой),
Мерланг (сырой),43,products/мерланг_(сырой),
Минтай (сырой),43,products/минтай_(сырой),
Молочная рыба (ханос) (сырая),43,products/молочная_рыба_(ханос)_(сырая),
Мольва (сырая),43,products/мольва_(сырая),
Морской чёрт (сырой),43,products/морской_чёрт_(сырой),
Мясо акулы (сырое),43,products/мясо_акулы_(сырое),
Налим (сырой),43,products/налим_(сырой),
Нерка (сырая),43,products/нерка_(сырая),
Окунь морской (красный) (сырой),43,products/окунь_морской_(красный)_(сырой),
Окунь речной (сырой),43,products/окунь_речной_(сырой),
Омуль (сырой),43,products/омуль_(сырой),
Осётр (сырой),43,products/осётр_(сырой),
Палтус (сырой),43,products/палтус_(сырой),
Рыба-меч (сырая),43,products/рыба-меч_(сырая),
Сельдь (сырая),43,products/сельдь_(сырая),
Сёмга (сырая),43,products/сёмга_(сырая),
Сибас (сырой),43,products/сибас_(сырой),
Скумбрия (сырая),43,products/скумбрия_(сырая),
Сом (сырой),43,products/сом_(сырой),
Судак (сырой),43,products/судак_(сырой),
Сурими (сырой),43,products/сурими_(сырой),
Терпуг (сырой),43,products/терпуг_(сырой),
Тилапия (сырая),43,products/тилапия_(сырая),
Треска (сырая),43,products/треска_(сырая),
Угорь (сырой),43,products/угорь_(сырой),
Форель (сырая),43,products/форель_(сырая),
Чавыча (сырая),43,products/чавыча_(сырая),
Щука (сырая),43,products/щука_(сырая),
"Анчоусы (консервированные, в масле)",44,"products/анчоусы_(консервированные,_в_масле)",
Горбуша (запечённая),44,products/горбуша_(запечённая),
Горбыль (жареный),44,products/горбыль_(жареный),
Групер (запечённый),44,products/групер_(запечённый),
Желтохвост (лакедра) (запечённый),44,products/желтохвост_(лакедра)_(запечённый),
Зубатка (запечённая),44,products/зубатка_(запечённая),
Камбала (жареная),44,products/камбала_(жареная),
Карп (запечённый),44,products/карп_(запечённый),
Кета (запечённая),44,products/кета_(запечённая),
Кефаль (запечённая),44,products/кефаль_(запечённая),
Кижуч (запечённый),44,products/кижуч_(запечённый),
Корюшка (жареная),44,products/корюшка_(жареная),
Луциан (берикс) (запечённый),44,products/луциан_(берикс)_(запечённый),
Масляная рыба (эсколар) (копчёная),44,products/масляная_рыба_(эсколар)_(копчёная),
Махи-махи (корифена) (запечённая),44,products/махи-махи_(корифена)_(запечённая),
Менёк (запечённый),44,products/менёк_(запечённый),
Мерланг (запечённый),44,products/мерланг_(запечённый),
Минтай (запечённый),44,products/минтай_(запечённый),
Молочная рыба (ханос) (запечённая),44,products/молочная_рыба_(ханос)_(запечённая),
Мольва (запечённая),44,products/мольва_(запечённая),
Морской чёрт (приготовленный),44,products/морской_чёрт_(приготовленный),
Мясо акулы (жареное),44,products/мясо_акулы_(жареное),
Налим (запечённый),44,products/налим_(запечённый),
Нерка (запечённая),44,products/нерка_(запечённая),
Окунь морской (красный) (запечённый),44,products/окунь_морской_(красный)_(запечённый),
Окунь речной (запечённый),44,products/окунь_речной_(запечённый),
Омуль (запечённый),44,products/омуль_(запечённый),
Осётр (запечённый),44,products/осётр_(запечённый),
Палтус (запечённый),44,products/палтус_(запечённый),
Рыба-меч (запечённая),44,products/рыба-меч_(запечённая),
Сардина (консервированная в масле),44,products/сардина_(консервированная_в_масле),
Сельдь (запечённая),44,products/сельдь_(запечённая),
Сельдь (копчёная),44,products/сельдь_(копчёная),
Сельдь (солёная),44,products/сельдь_(солёная),
Сёмга (запечённая),44,products/сёмга_(запечённая),
Сибас (запечённый),44,products/сибас_(запечённый),
Скумбрия (запечённая),44,products/скумбрия_(запечённая),
Скумбрия (солёная),44,products/скумбрия_(солёная),
Сом (жареный),44,products/сом_(жареный),
Ставрида (консервированная),44,products/ставрида_(консервированная),
Судак (запечённый),44,products/судак_(запечённый),
Терпуг (запечённый),44,products/терпуг_(запечённый),
Тилапия (запечённая),44,products/тилапия_(запечённая),
Треска (запечённая),44,products/треска_(запечённая),
Тунец (консервированный в собственном соку),44,products/тунец_(консервированный_в_собственном_соку),
Угорь (запечённый или копчёный),44,products/угорь_(запечённый_или_копчёный),
Форель (запечённая),44,products/форель_(запечённая),
Чавыча (запечённая),44,products/чавыча_(запечённая),
Щука (приготовленная),44,products/щука_(приготовленная),
"Кальмар (приготовленный, жареный)",45,"products/кальмар_(приготовленный,_жареный)",
Кальмар (сырой),45,products/кальмар_(сырой),
Каракатица (приготовленная),45,products/каракатица_(приготовленная),
Каракатица (сырая),45,products/каракатица_(сырая),
Мидии (отварные),45,products/мидии_(отварные),
Мидии (сырые),45,products/мидии_(сырые),
Моллюски (варёные),45,products/моллюски_(варёные),
Моллюски (сырые),45,products/моллюски_(сырые),
Морские ушки (приготовленные),45,products/морские_ушки_(приготовленные),
Морские ушки (сырые),45,products/морские_ушки_(сырые),
Морской гребешок (приготовленный),45,products/морской_гребешок_(приготовленный),
Морской гребешок (сырой),45,products/морской_гребешок_(сырой),
Осьминог (варёный),45,products/осьминог_(варёный),
Осьминог (сырой),45,products/осьминог_(сырой),
Улитки (сырые),45,products/улитки_(сырые),
Устрицы (запечённые),45,products/устрицы_(запечённые),
Устрицы (сырые),45,products/устрицы_(сырые),
Камчатский краб (варёный),46,products/камчатский_краб_(варёный),
Камчатский краб (сырой),46,products/камчатский_краб_(сырой),
Краб (варёный),46,products/краб_(варёный),
Краб (мясо краба) (сырой),46,products/краб_(мясо_краба)_(сырой),
Крабовые палочки (сурими) (готовые к употреблению),46,products/крабовые_палочки_(сурими)_(готовые_к_употреблению),
Креветки (варёные),46,products/креветки_(варёные),
Креветки (сырые),46,products/креветки_(сырые),
"Лобстеры (омары, лангусты) (варёные)",46,"products/лобстеры_(омары,_лангусты)_(варёные)",
"Лобстеры (омары, лангусты) (сырые)",46,"products/лобстеры_(омары,_лангусты)_(сырые)",
Раки (варёные),46,products/раки_(варёные),
Раки (сырые),46,products/раки_(сырые),
Водоросли вакаме (в сыром виде),47,products/водоросли_вакаме_(в_сыром_виде),
Водоросли нори (в сыром виде),47,products/водоросли_нори_(в_сыром_виде),
Ирландский мох (в сыром виде),47,products/ирландский_мох_(в_сыром_виде),
Морская капуста (в сыром виде),47,products/морская_капуста_(в_сыром_виде),
"Спирулина (сушёная, в виде порошка)",47,"products/спирулина_(сушёная,_в_виде_порошка)",
Спирулина (в сыром виде),47,products/спирулина_(в_сыром_виде),
"Икра красная или чёрная (приготовленная, термически обработанная)",48,"products/икра_красная_или_чёрная_(приготовленная,_термически_обработанная)",
Икра красная или чёрная (сырая),48,products/икра_красная_или_чёрная_(сырая),
Лягушачьи лапки (сырые),48,products/лягушачьи_лапки_(сырые),
Медуза (сушёная),48,products/медуза_(сушёная),
Вырезка свиная (сырая),49,products/вырезка_свиная_(сырая),
Грудинка свиная (в сыром виде),49,products/грудинка_свиная_(в_сыром_виде),
Карбонат свиной (в сыром виде),49,products/карбонат_свиной_(в_сыром_виде),
Корейка свиная (в сыром виде),49,products/корейка_свиная_(в_сыром_виде),
Лопатка свиная (в сыром виде),49,products/лопатка_свиная_(в_сыром_виде),
Мясо свиное без жира (филе) (сырое),49,products/мясо_свиное_без_жира_(филе)_(сырое),
Нутряной свиной жир (в сыром виде),49,products/нутряной_свиной_жир_(в_сыром_виде),
Рёбрышки (рёбра) свиные (в сыром виде),49,products/рёбрышки_(рёбра)_свиные_(в_сыром_виде),
Рёбрышки свиные (кантри) (в сыром виде),49,products/рёбрышки_свиные_(кантри)_(в_сыром_виде),
Сало свиное (без прослойки) (сырое),49,products/сало_свиное_(без_прослойки)_(сырое),
Сало свиное (с прослойкой) (сырое),49,products/сало_свиное_(с_прослойкой)_(сырое),
"Свиная рулька, голяшка (в сыром виде)",49,"products/свиная_рулька,_голяшка_(в_сыром_виде)",
"Свинина (в сыром виде, мясо с жиром)",49,"products/свинина_(в_сыром_виде,_мясо_с_жиром)",
Свиной окорок и кострец (в сыром виде),49,products/свиной_окорок_и_кострец_(в_сыром_виде),
"Фарш свиной (сырой, 20% жира)",49,"products/фарш_свиной_(сырой,_20%_жира)",
Шейка свиная (шея) (в сыром виде),49,products/шейка_свиная_(шея)_(в_сыром_виде),
Корейка свиная (запечённая),50,products/корейка_свиная_(запечённая),
Свинина жареная (приготовленная),50,products/свинина_жареная_(приготовленная),
Свинина тушёная (приготовленная),50,products/свинина_тушёная_(приготовленная),
"Свинина, запечённая в духовке (приготовленная)",50,"products/свинина,_запечённая_в_духовке_(приготовленная)",
"Фарш свиной (приготовленный, 20% жира)",50,"products/фарш_свиной_(приготовленный,_20%_жира)",
Филе свиное (приготовленное),50,products/филе_свиное_(приготовленное),
Свиная печень (в сыром виде),51,products/свиная_печень_(в_сыром_виде),
Свиная поджелудочная железа (в сыром виде),51,products/свиная_поджелудочная_железа_(в_сыром_виде),
Свиная селезёнка (в сыром виде),51,products/свиная_селезёнка_(в_сыром_виде),
Свиная щековина (в сыром виде),51,products/свиная_щековина_(в_сыром_виде),
Свиное лёгкое (в сыром виде),51,products/свиное_лёгкое_(в_сыром_виде),
Свиное сердце (в сыром виде),51,products/свиное_сердце_(в_сыром_виде),
Свиной желудок (в сыром виде),51,products/свиной_желудок_(в_сыром_виде),
Свиной мозг (в сыром виде),51,products/свиной_мозг_(в_сыром_виде),
Свиной хвост (в сыром виде),51,products/свиной_хвост_(в_сыром_виде),
Свиной язык (в сыром виде),51,products/свиной_язык_(в_сыром_виде),
Свиные кишки (в сыром виде),51,products/свиные_кишки_(в_сыром_виде),
Свиные ножки (в сыром виде),51,products/свиные_ножки_(в_сыром_виде),
Свиные почки (в сыром виде),51,products/свиные_почки_(в_сыром_виде),
Свиные уши (в сыром виде),51,products/свиные_уши_(в_сыром_виде),
Свиная печень (жареная или тушёная),52,products/свиная_печень_(жареная_или_тушёная),
Свиная поджелудочная железа (приготовленная),52,products/свиная_поджелудочная_железа_(приготовленная),
Свиная селезёнка (приготовленная),52,products/свиная_селезёнка_(приготовленная),
Свиное лёгкое (варёное),52,products/свиное_лёгкое_(варёное),
Свиное сердце (варёное или тушёное),52,products/свиное_сердце_(варёное_или_тушёное),
Свиной желудок (отварной),52,products/свиной_желудок_(отварной),
Свиной мозг (приготовленный),52,products/свиной_мозг_(приготовленный),
Свиной хвост (приготовленный),52,products/свиной_хвост_(приготовленный),
Свиной язык (отварной),52,products/свиной_язык_(отварной),
Свиные кишки (приготовленные),52,products/свиные_кишки_(приготовленные),
Свиные ножки (отварные),52,products/свиные_ножки_(отварные),
Свиные почки (тушёные),52,products/свиные_почки_(тушёные),
Свиные уши (варёные),52,products/свиные_уши_(варёные),
"Говядина (сырая, мясо без жира)",53,"products/говядина_(сырая,_мясо_без_жира)",
"Говяжий огузок, кострец (сырой)",53,"products/говяжий_огузок,_кострец_(сырой)",
Говяжий толстый край (сырой),53,products/говяжий_толстый_край_(сырой),
Говяжий тонкий край (Стриплойн) (сырой),53,products/говяжий_тонкий_край_(стриплойн)_(сырой),
Говяжьи рёбра (сырые),53,products/говяжьи_рёбра_(сырые),
Говяжья вырезка (Тендерлойн) (сырая),53,products/говяжья_вырезка_(тендерлойн)_(сырая),
Говяжья голяшка (сырая),53,products/говяжья_голяшка_(сырая),
Говяжья грудинка (сырая),53,products/говяжья_грудинка_(сырая),
Говяжья лопатка (сырая),53,products/говяжья_лопатка_(сырая),
"Говяжья пашина, брюшина, фланк (в сыром виде)",53,"products/говяжья_пашина,_брюшина,_фланк_(в_сыром_виде)",
Говяжья шея (Чак Ай Ролл) (сырая),53,products/говяжья_шея_(чак_ай_ролл)_(сырая),
Телятина (сырая),53,products/телятина_(сырая),
"Фарш говяжий (сырой, 20% жира)",53,"products/фарш_говяжий_(сырой,_20%_жира)",
"Говядина (приготовленная, мясо без жира)",54,"products/говядина_(приготовленная,_мясо_без_жира)",
Говяжья тушёнка (консервированная),54,products/говяжья_тушёнка_(консервированная),
Телятина (приготовленная),54,products/телятина_(приготовленная),
Говяжий мозг (сырой),55,products/говяжий_мозг_(сырой),
Говяжий рубец (сырой),55,products/говяжий_рубец_(сырой),
Говяжий язык (сырой),55,products/говяжий_язык_(сырой),
Говяжье лёгкое (сырое),55,products/говяжье_лёгкое_(сырое),
Говяжье сердце (сырое),55,products/говяжье_сердце_(сырое),
Говяжьи почки (сырые),55,products/говяжьи_почки_(сырые),
Говяжья печень (сырая),55,products/говяжья_печень_(сырая),
Говяжий мозг (жареный),56,products/говяжий_мозг_(жареный),
Говяжий рубец (отварной),56,products/говяжий_рубец_(отварной),
Говяжий язык (отварной),56,products/говяжий_язык_(отварной),
Говяжье лёгкое (отварное или тушёное),56,products/говяжье_лёгкое_(отварное_или_тушёное),
Говяжье сердце (отварное),56,products/говяжье_сердце_(отварное),
Говяжьи почки (варёные),56,products/говяжьи_почки_(варёные),
Говяжья печень (тушёная или жареная),56,products/говяжья_печень_(тушёная_или_жареная),
"Куриная голень (сырая, мясо с кожей)",57,"products/куриная_голень_(сырая,_мясо_с_кожей)",
"Куриная грудка (сырая, с кожей)",57,"products/куриная_грудка_(сырая,_с_кожей)",
"Куриная спинка (сырая, мясо с кожей)",57,"products/куриная_спинка_(сырая,_мясо_с_кожей)",
Куриная спинка (без кожи) (сырая),57,products/куриная_спинка_(без_кожи)_(сырая),
"Куриные бёдра (сырые, мясо с кожей)",57,"products/куриные_бёдра_(сырые,_мясо_с_кожей)",
Куриные крылышки (сырые),57,products/куриные_крылышки_(сырые),
"Куриные ножки (окорочка) (сырые, мясо с кожей)",57,"products/куриные_ножки_(окорочка)_(сырые,_мясо_с_кожей)",
Куриный фарш (сырой),57,products/куриный_фарш_(сырой),
Курица (сырое куриное мясо),57,products/курица_(сырое_куриное_мясо),
"Филе куриной грудки (сырое мясо, без кожи)",57,"products/филе_куриной_грудки_(сырое_мясо,_без_кожи)",
"Куриная голень (жареная, мясо с кожей)",58,"products/куриная_голень_(жареная,_мясо_с_кожей)",
"Куриная голень (запечённая, мясо с кожей)",58,"products/куриная_голень_(запечённая,_мясо_с_кожей)",
"Куриная голень (тушёная или варёная, мясо с кожей)",58,"products/куриная_голень_(тушёная_или_варёная,_мясо_с_кожей)",
Куриная голень (без кожи) (жареная),58,products/куриная_голень_(без_кожи)_(жареная),
Куриная голень (без кожи) (тушёная или варёная),58,products/куриная_голень_(без_кожи)_(тушёная_или_варёная),
"Куриная грудка (варёная или тушёная, без кожи)",58,"products/куриная_грудка_(варёная_или_тушёная,_без_кожи)",
"Куриная грудка (запечённая, без кожи)",58,"products/куриная_грудка_(запечённая,_без_кожи)",
"Куриная спинка (приготовленная, мясо с кожей)",58,"products/куриная_спинка_(приготовленная,_мясо_с_кожей)",
"Куриные бёдра (жареные, мясо с кожей)",58,"products/куриные_бёдра_(жареные,_мясо_с_кожей)",
"Куриные бёдра (запечённые, мясо с кожей)",58,"products/куриные_бёдра_(запечённые,_мясо_с_кожей)",
"Куриные бёдра (варёные или тушёные, мясо с кожей)",58,"products/куриные_бёдра_(варёные_или_тушёные,_мясо_с_кожей)",
Куриные бёдра без кожи (варёные или тушёные),58,products/куриные_бёдра_без_кожи_(варёные_или_тушёные),
Куриные крылышки (жареные),58,products/куриные_крылышки_(жареные),
Куриные крылышки (запечённые),58,products/куриные_крылышки_(запечённые),
Куриные крылышки (варёные или тушёные),58,products/куриные_крылышки_(варёные_или_тушёные),
"Куриные ножки (жареные, мясо с кожей)",58,"products/куриные_ножки_(жареные,_мясо_с_кожей)",
"Куриные ножки (запечённые, мясо с кожей)",58,"products/куриные_ножки_(запечённые,_мясо_с_кожей)",
"Куриные ножки (варёные или тушёные, мясо с кожей)",58,"products/куриные_ножки_(варёные_или_тушёные,_мясо_с_кожей)",
Курица (жареная),58,products/курица_(жареная),
Курица (запечённая),58,products/курица_(запечённая),
Курица (варёная или тушёная),58,products/курица_(варёная_или_тушёная),
Куриная кожа (сырая),59,products/куриная_кожа_(сырая),
Куриная печень (сырая),59,products/куриная_печень_(сырая),
Куриные жулудки (сырые),59,products/куриные_жулудки_(сырые),
Куриные сердца (сырые),59,products/куриные_сердца_(сырые),
Куриная кожа (отварная),60,products/куриная_кожа_(отварная),
Куриная печень (жареная),60,products/куриная_печень_(жареная),
Куриная печень (тушёная или варёная),60,products/куриная_печень_(тушёная_или_варёная),
Куриные жулудки (варёные или тушёные),60,products/куриные_жулудки_(варёные_или_тушёные),
Куриные лапки (приготовленные),60,products/куриные_лапки_(приготовленные),
Куриные сердца (приготовленные),60,products/куриные_сердца_(приготовленные),
Бедро индейки (филе) (сырое),61,products/бедро_индейки_(филе)_(сырое),
"Голень индейки (сырая, без кожи)",61,"products/голень_индейки_(сырая,_без_кожи)",
Грудка индейки (филе) (сырая),61,products/грудка_индейки_(филе)_(сырая),
Желудки индейки (сырые),61,products/желудки_индейки_(сырые),
"Индейка (сырая, мясо и кожа целой тушки)",61,"products/индейка_(сырая,_мясо_и_кожа_целой_тушки)",
Кожа индейки (в сыром виде),61,products/кожа_индейки_(в_сыром_виде),
"Мясо индейки (индюшатина) (сырое, мясо целой тушки)",61,"products/мясо_индейки_(индюшатина)_(сырое,_мясо_целой_тушки)",
Печень индейки (сырая),61,products/печень_индейки_(сырая),
Сердце индейки (сырое),61,products/сердце_индейки_(сырое),
Шея индейки (сырая),61,products/шея_индейки_(сырая),
Бедро индейки (филе) (запечённое),62,products/бедро_индейки_(филе)_(запечённое),
"Голень индейки (запечённая, без кожи)",62,"products/голень_индейки_(запечённая,_без_кожи)",
Грудка индейки (филе) (варёная),62,products/грудка_индейки_(филе)_(варёная),
Желудки индейки (тушёные),62,products/желудки_индейки_(тушёные),
"Индейка (запечённая, мясо и кожа целой тушки)",62,"products/индейка_(запечённая,_мясо_и_кожа_целой_тушки)",
"Мясо индейки (индюшатина) (запечённое, мясо целой тушки)",62,"products/мясо_индейки_(индюшатина)_(запечённое,_мясо_целой_тушки)",
Печень индейки (тушёная),62,products/печень_индейки_(тушёная),
Сердце индейки (приготовленное),62,products/сердце_индейки_(приготовленное),
Шея индейки (отварная или тушёная),62,products/шея_индейки_(отварная_или_тушёная),
Баранина (сырая),63,products/баранина_(сырая),
Козлятина (сырая),63,products/козлятина_(сырая),
Конина (сырая),63,products/конина_(сырая),
Крольчатина (сырая),63,products/крольчатина_(сырая),
Лосятина (сырая),63,products/лосятина_(сырая),
Медвежатина (сырая),63,products/медвежатина_(сырая),
Мясо антилопы (сырое),63,products/мясо_антилопы_(сырое),
Мясо бизона (сырое),63,products/мясо_бизона_(сырое),
Мясо бифало (сырое),63,products/мясо_бифало_(сырое),
Мясо бобра (сырое),63,products/мясо_бобра_(сырое),
Мясо гусиное (сырое),63,products/мясо_гусиное_(сырое),
Мясо дикого кабана (сырое),63,products/мясо_дикого_кабана_(сырое),
Мясо фазана (сырое),63,products/мясо_фазана_(сырое),
Оленина (сырая),63,products/оленина_(сырая),
Печень гусиная (сырая),63,products/печень_гусиная_(сырая),
Печень утиная (сырая),63,products/печень_утиная_(сырая),
"Страусиное мясо (сырое, вырезка)",63,"products/страусиное_мясо_(сырое,_вырезка)",
"Утка (мясо утиное) (сырое мясо, без кожи)",63,"products/утка_(мясо_утиное)_(сырое_мясо,_без_кожи)",
Баранина (приготовленная),64,products/баранина_(приготовленная),
Гусь (запечённый),64,products/гусь_(запечённый),
Козлятина (приготовленная),64,products/козлятина_(приготовленная),
Конина (приготовленная),64,products/конина_(приготовленная),
Крольчатина (приготовленная),64,products/крольчатина_(приготовленная),
Лосятина (приготовленная),64,products/лосятина_(приготовленная),
Медвежатина (приготовленная),64,products/медвежатина_(приготовленная),
Мясо антилопы (приготовленное),64,products/мясо_антилопы_(приготовленное),
Мясо бизона (приготовленное),64,products/мясо_бизона_(приготовленное),
Мясо бифало (приготовленное),64,products/мясо_бифало_(приготовленное),
Мясо бобра (приготовленное),64,products/мясо_бобра_(приготовленное),
Мясо дикого кабана (приготовленное),64,products/мясо_дикого_кабана_(приготовленное),
Оленина (приготовленная),64,products/оленина_(приготовленная),
"Утка (мясо утиное) (запечённая, мясо без кожи)",64,"products/утка_(мясо_утиное)_(запечённая,_мясо_без_кожи)",
Фазан (приготовленный),64,products/фазан_(приготовленный),
Ветчина,65,products/ветчина,
Колбаса варёная,65,products/колбаса_варёная,
Колбаса докторская,65,products/колбаса_докторская,
Колбаса копчёная,65,products/колбаса_копчёная,
Колбаса кровяная,65,products/колбаса_кровяная,
Колбаса Пепперони,65,products/колбаса_пепперони,
Паштет печёночный,65,,
Салями,65,products/салями,
Сосиски,65,products/сосиски,
Сосиски молочные,65,products/сосиски_молочные,
Фуа-гра (консервированное),65,products/фуа-гра_(консервированное),
Вода,66,products/вода,
